4741,10 Minutes With,400000,4000000
4742,1000memories,15000,2520000
4743,1001 Menus,522169,3536910
4744,100Plus,750000,500000
4745,2houses,106626,860102
4746,2U,2275000,93600000
4747,33Across,750000,24904560
4748,3Play Media,50000,961601
4749,4-Tell,25000,1959979
4750,42Floors,400000,17000000
4751,500Friends,1400000,9500000
4752,500px,525000,8800000
4753,60mo,300000,1000000
4754,7 Billion People,3800000,2368902
4755,818 Sports & Entertainment,2000000,25000000
4756,8tracks Radio,1500000,1279980
4757,Abakan,2781795,1276036
4758,Abattis Bioceuticals,20014,380974
4759,Abeona Therapeutics,750000,3600000
4760,Ablative Solutions,5000,14875077
4761,AboutOne,145400,3594003
4762,Academia.edu,600000,15600000
4763,Acamica,51568,80000
4764,AccelGolf,18000,150000
4765,Accellion,1410901,12000000
4766,Acceptd,20000,3000000
4767,Access Mobile,240000,112500
4768,Accurence,1894000,2383507
4769,ACE,500184,744908
4770,AchieveIt Online,1500000,1500000
4771,Acorns,300000,8660000
4772,Actacell,1000000,5800000
4773,ActiveSec,140000,350000
4774,ActX,1920391,750003
4775,Acumen Pharmaceuticals,700000,1500000
4776,Acunu,1317075,3415207
4777,Ad Infuse,600000,17000000
4778,Adagio Medical,2500001,4137110
4779,Adama Materials,1760445,5371215
4780,Adap.tv,1000000,47500000
4781,Adaptly,700000,12500000
4782,Adarza BioSystems,250000,7000000
4783,Adbrain,1500000,7500000
4784,Adcade,1500000,5000000
4785,Addvocate,339000,2390000
4786,Adelphic Mobile,2000000,10000000
4787,AdhereTech,600000,1750000
4788,adicate timeads,400000,2500000
4789,Adikteev,800000,1400000
4790,Adly,500000,7000000
4791,Admedo Ltd,161779,2000000
4792,AdMoment,850000,3000000
4793,Adonit,195355,2000000
4794,Adore Me,500000,11000000
4795,adsquare,1400000,4300000
4796,AdStage,2500000,6250000
4797,ADstruc,1118000,2000000
4798,Advanced Catheter Therapies,450000,9400000
4799,Advanced Circulatory,2000000,807000
4800,Advanced Proteome Therapeutics,1142950,900000
4801,Adzuna,478510,1514309
4802,Aereo,4500000,92500000
4803,AffinityClick,184711,888577
4804,Agari,200000,22500000
4805,Aggregate Knowledge,500000,63224450
4806,Agilum Healthcare Intelligence,2750000,2350000
4807,AgLocal,1500000,2300000
4808,Agronomic Technology Corp,250000,2200000
4809,AHAlife.com,3649079,19350000
4810,Ahalogy,1650000,3100000
4811,Aiming,3699288,18881445
4812,Airbnb,620000,794200000
4813,AirPOS,379147,230984
4814,Airware,3000000,37200000
4815,Airway Therapeutics,500000,4600000
4816,aisle411,1050000,6340000
4817,AKAMON ENTERTAINMENT,1000000,4045650
4818,Akimbo,4650000,31500000
4819,Akosha,200000,5000000
4820,Akros Silicon,2553484,41099868
4821,Akvo,275618,1464000
4822,Aldis,1263722,9780000
4823,Alektrona,200000,510000
4824,Alexza Pharmaceuticals,3000000,20730309
4825,Algolux,419047,2386620
4826,AlienVault,2000035,90900000
4827,ALKALINE WATER,100000,860000
4828,Allocadia,1000000,6409591
4829,AllTrails,1639987,1240000
4830,Alltuition,1015000,3000000
4831,Almashopping,100000,1050000
4832,Alphabet Energy,1000000,28000000
4833,Altavoz,425000,50000
4834,Altitude Digital,200000,5000000
4835,Amarantus BioSciences,1299327,3000000
4836,amazingtunes,1032861,1569024
4837,Ambiq Micro,2650000,33524586
4838,American Gene Technologies International,1324999,340000
4839,Amplifinity,2500000,7600000
4840,AngelList,100000,24000000
4841,Animalvitae,85000,250068
4842,Anomo,800000,572725
4843,Anser Innovation,1000000,1500000
4844,Anvato,550000,2000000
4845,AnyPresence,2000000,11500000
4846,Apcera,2200000,5000000
4847,Aplos Software,150000,3200000
4848,Appcore,500000,11100000
4849,AppDirect,3250000,52500000
4850,Appear Here,1900000,7500000
4851,AppEnsure,250000,2666745
4852,AppFirst,1500000,13700000
4853,Applaud,400000,350000
4854,Applause,500000,80300000
4855,Applauze,3250000,7200000
4856,Applifier,2000000,4000000
4857,AppsBuilder,1955250,1500000
4858,Appsee,1000000,2000000
4859,Apptentive,1200000,5300000
4860,Apptive,1050000,300000
4861,Appurify,1750000,4500000
4862,Apsalar,800000,14000000
4863,Arbor Photonics,200000,2448258
4864,Architizer,2000000,1508711
4865,Arcturus Therapeutics Inc.,1300000,5000000
4866,Argyle Social,325000,1240000
4867,"Aries TCO, Inc.",60000,300000
4868,Arkadium,25000,5000000
4869,ARKeX,7356643,39550386
4870,ArmedZilla,100000,1247000
4871,Array Health Solutions,75000,13000000
4872,Artimplant AB,231949,308366
4873,Artisan Mobile,1500000,5500000
4874,Artsy,50000,24480053
4875,Ascendx Spine,550000,5475000
4876,Aspire Health,1000000,5500004
4877,Assured Labor,1000000,5500000
4878,Athlete Network,300000,1000000
4879,AthletePath,18000,1163068
4880,Atlanta Micro,1500000,500000
4881,Atomic Reach,1400450,2750000
4882,Atosho,3200000,2300000
4883,Attachments.me,500000,2000000
4884,Attentive.ly,475000,750000
4885,Attero,2500000,26100000
4886,Attolight,800000,1277234
4887,AudiencePoint,1200000,2360000
4888,Audiolife,500000,4000000
4889,Audiosocket,500000,2982300
4890,Augment,1500000,300000
4891,Auramist,1000000,2230000
4892,Authentidate Holding,6650000,7465006
4893,AutoSpot,600000,3000000
4894,AutoVirt,500000,23800000
4895,AvaLAN Wireless Systems,400000,700000
4896,Avangate BV,2000000,5500000
4897,Aver Informatics,175000,8500000
4898,Averail,250000,6000000
4899,Avid Radiopharmaceuticals,500000,69400000
4900,AVST,1000000,5594387
4901,awe.sm,1000000,4250000
4902,Axerion Therapeutics,750000,400000
4903,Axial,2000000,6500000
4904,Axial Healthcare,50000,1750000
4905,Axigen Messaging,2000000,2940000
4906,Ayannah,3000000,1500000
4907,B-hive Networks,500000,7000000
4908,B-Stock Solutions,1200000,7000000
4909,Backand,1250000,1250000
4910,BackOps,1650000,7000000
4911,Backupify,1025000,18500000
4912,Badgeville,250000,39700000
4913,BalconyTV,121189,750000
4914,Bandwagon,300000,425000
4915,Bantam Live,500000,1900002
4916,Banyan Technology,350000,600000
4917,BarEye,377500,472488
4918,BarkBox,1700000,20000000
4919,Base CRM,1100000,21800000
4920,Basys,420000,3322188
4921,BaubleBar,1100000,14500000
4922,BeachMint,5000000,69675009
4923,Beatrobo,600000,1100000
4924,Beauty Booked,530000,514794
4925,BedyCasa,1987490,1384952
4926,Bee Cave Games,3200000,2150000
4927,Beehive Industries,1000000,2500000
4928,Beepi,1250000,65000000
4929,Beezag,750000,2500000
4930,BehavioSec,588840,1437780
4931,BeliefNetworks,1400000,2086023
4932,Bell Biosystems,1500000,3000000
4933,Bellhops,600000,6000000
4934,Bellicum Pharmaceuticals,2300000,139757588
4935,Belly,375000,24600000
4936,"Ben Jen Online, LLC",100000,250000
4937,Bench,2000000,1000000
4938,BeneStream,1580000,250000
4939,Benson Hill Biosystems,50000,700971
4940,Berkley Networks,280000,1362500
4941,Bespoke Global,900000,2550929
4942,BestVendor,600000,3000000
4943,Betabrand,1300000,6904000
4944,Better Mobile Security,1500000,1012245
4945,BetterCloud,2200000,19650000
4946,BetterDoctor,2600000,10525000
4947,BettrLife,350000,200000
4948,Between,1000000,3000000
4949,Bidgely,3000000,5000000
4950,Big Switch Networks,1500000,43200000
4951,BigDoor,250000,12600000
4952,BigML,1400000,233000
4953,BIME Analytics,1000000,4000000
4954,BioBehavioral Diagnostics,1454750,15959058
4955,BioCatch,1600000,10000000
4956,Bioceptive,135000,1250000
4957,BioDatomics,350000,660000
4958,BioNex Solutions,960000,1004996
4959,Bionym,1400000,14000000
4960,Biozone Pharmaceuticals,2000000,2750000
4961,Birchbox,1400000,70500000
4962,Biscayne Pharmaceuticals,1500000,2628000
4963,Bitium,2400000,6500000
4964,Bitly,1500000,27000000
4965,BitPay,2510000,30000000
4966,BitSight Technologies,1035000,24000000
4967,Bizible,348000,10200000
4968,Bizzabo,1500000,2500000
4969,BlisMedia,941414,1400000
4970,Bloc,2250000,6000000
4971,BlockScore,2000000,25000
4972,BloomNation,1650000,5500000
4973,Bloomspot,2050000,44000000
4974,Blottr,157035,612000
4975,Blue Lava Technologies,1400000,7205192
4976,BlueConic,1400000,6600000
4977,BlueData Software,4000000,15000000
4978,Bluefin Labs,1200000,18000000
4979,Bluegape Lifestyle,20000,250000
4980,Bluenose Analytics,2000000,8000000
4981,Blueseed,300000,50000
4982,Bluestem Brands,311158,2852889
4983,BMRW & Associates,87000,387687
4984,BoardProspects,650000,2400000
4985,Boardvote,200000,250000
4986,Boatbound,1150000,2500000
4987,BodeTree,1400000,2000000
4988,BonaYou,674600,2000000
4989,Bonfire.com,100000,400000
4990,Bonfyre,1750000,480000
4991,BookShout!,750000,8000000
4992,Boomerang.com,560000,1000000
4993,Boost Media,1640000,29000000
4994,Boticca,2500000,4000000
4995,Bottlenose,1000000,3600000
4996,Boundless,1700000,8000000
4997,Bourbon & Boots,500000,20000
4998,Boxed,1100000,6500000
4999,Brain Tunnelgenix Technologies,100000,2213168
5000,Brainient,850000,1800000
5001,Brainly,500000,9000000
5002,BrainSINS,665750,400000
5003,BrainStorm Cell Therapeutics,206910,1632689
5004,Brand a Trend GmbH,1101427,4500000
5005,Brandlive,65000,1600000
5006,BrandShield,1400000,69800
5007,BrandYourself,300000,4500000
5008,BRD Motorcycles,1800000,4500000
5009,Breezeworks,2000000,5000000
5010,Bright Pattern,2000000,3500000
5011,BrightBytes,750000,17500000
5012,Brightkite,15000,1079920
5013,Brit + Co.,1250000,6300000
5014,britebill,532600,3165000
5015,Britely,1400000,2500000
5016,Buddy,2960000,674028
5017,Bueda,25000,100000
5018,Bugcrowd,50000,1600000
5019,Building Robotics,1140000,5500000
5020,Bukupe,61104,200000
5021,burrp!,150000,2000000
5022,Burt,3000000,5000000
5023,Busbud,1000000,9000000
5024,Buscap�,500000,6000000
5025,Business Insider,900000,29700000
5026,BusyEvent,50000,615000
5027,BuysideFX,50000,1319974
5028,Buzz Digital (formerly Buzz Referrals),50000,600000
5029,bVisual,52500,41625
5030,ByHours.com,771960,3600000
5031,Bypass Mobile,600000,5250000
5032,ByteLight,1250000,3000000
5033,C2Call GmbH,357850,2000000
5034,Cabify,3000000,12000000
5035,Cagenix,1263480,2328698
5036,Callidus Biopharma,1611154,4600000
5037,Cambridge Communication Systems,2009777,6832317
5038,Campus Shift,15000,40000
5039,CamSemi,5987939,42190000
5040,Canary,1200000,10000000
5041,Cannonball,600000,650000
5042,Canopy Labs,1500000,564000
5043,Canva,3000000,3600000
5044,Canvas,20000,11057736
5045,Capillary Technologies,100000,34000000
5046,Capitaine Train,1833300,10070253
5047,CapLinked,350000,3649400
5048,Capricor Therapeutics,2500000,3400000
5049,Capy Inc.,55000,1000000
5050,Carambola Media,1000000,4000000
5051,CardiAQ Valve Technologies,750000,43800000
5052,CardiOx,1000000,12608815
5053,Cardoc,200000,600000
5054,Care Technology Systems,270000,710000
5055,CareLinx,1500000,4246508
5056,CarePartners Plus,592428,1065000
5057,Carma,4500000,5600000
5058,Carnet de Mode,125900,1500000
5059,Carousell,800000,6000000
5060,Cartasite,1200000,5030899
5061,CarWoo!,350000,10500000
5062,Cascaad (CircleMe),1700000,1100000
5063,CashCashPinoy,300000,2250000
5064,Cask,2500000,10000000
5065,Casper,1850000,13100000
5066,Casual Steps,94680,1500000
5067,Casualing,1250000,310000
5068,Catalog Spree,1300000,6500000
5069,Catalyst IT Services,150000,241000
5070,Catalyze,20000,2025000
5071,CATASYS,5186000,6639000
5072,Catch.com,2300000,7000000
5073,Caterva,2408500,335000
5074,Caviar,2000000,13000000
5075,CelebCalls,1350000,1785780
5076,Celebrations.com,500000,2750000
5077,Cell Again,1500000,1000000
5078,CellScope,2120000,3500000
5079,Cellworks,1000000,16517561
5080,Celtra Inc.,1200000,9000000
5081,CENTRI Technology,1000000,25835204
5082,CertiVox,656904,11850282
5083,Cervilenz,350000,22950002
5084,Chain,4200000,9500000
5085,Change Lane,75000,2024999
5086,Channel Intelligence,3008970,3075546
5087,Chargeback,648887,2676623
5088,Chartbeat,3000000,13600000
5089,Chartio,1420000,5350000
5090,Chat& (ChatAnd),850000,265000
5091,ChatID,2018000,4828180
5092,Cheezburger,2000000,67000000
5093,Chilltime,100000,100000
5094,Chirpify,1300000,6000000
5095,Chloe + Isabel,3250000,29200000
5096,ChoiceStream,15000000,70800000
5097,Chomp,565000,2000000
5098,ChoreMonster,1275000,1500000
5099,Chromatik,2000000,5700000
5100,Chute,2720000,7000000
5101,cicayda,1000000,7000000
5102,Cinepapaya,700000,2000000
5103,Ciralight Global,472360,1300000
5104,CircleCI,1500000,6000000
5105,CircleUp,1500000,21500000
5106,Cirrus Works,250000,4023912
5107,Citrus Lane,1500000,5100000
5108,CityNews,282640,4531230
5109,CityScan,310000,2447221
5110,CitySourced,65000,1330000
5111,Cityzenith,6000000,214000
5112,CivicScience,1200000,3700000
5113,Clarity,1600000,1100000
5114,ClassDojo,1600000,8500000
5115,ClassPass,2000000,12000000
5116,ClassWallet,1200000,635000
5117,Clearhaus,594400,5511767
5118,ClearPoint Learning Systems,500000,6400000
5119,Clever,3020000,10300000
5120,Cleverbug,2500000,6000000
5121,Click With Me Now,800000,2250000
5122,Clinkle,5000000,25000000
5123,ClipCard,2000000,10000000
5124,ClipClock,200000,500000
5125,Cloudability,1118000,8700000
5126,Cloudant,150000,16100000
5127,CloudBeds,800000,2000000
5128,CloudFactory,700000,3000000
5129,CloudMade,131700,16166150
5130,CloudMine,1195000,100000
5131,CloudOn,1800000,24340000
5132,CloudTags,320000,1214505
5133,Cloudyn,1500000,4000000
5134,ClusterFlunk,100000,1000000
5135,CMP.LY,750000,2400000
5136,CO Everywhere,1400000,6000000
5137,CoachUp,2700000,6700000
5138,Coda Payments,900000,2300000
5139,Codeanywhere,248000,600000
5140,CodeGuard,1300000,200000
5141,Codeship,300000,2600000
5142,Coffee Meets Bagel,600000,2800000
5143,CoFoundersLab,250000,75000
5144,Cognition Therapeutics,200000,14656302
5145,Cognitive Networks,2500000,16000000
5146,Cohealo,3050000,10600000
5147,Coherent Path,795000,6250000
5148,Coinbase,600000,31109590
5149,Coinplug,400000,2900000
5150,Coinsetter,500000,1777975
5151,Collaborative Software Initiative,1000000,4263456
5152,Collective IP,1049999,2500000
5153,CollegeMapper,100000,220000
5154,ColorChip,6500000,33700000
5155,Combinent Biomedical Systems,600000,1500000
5156,Complexa,200000,16808205
5157,Compose,417000,6000000
5158,Comprehend Systems,1200000,29400000
5159,Comprimato,257320,1268225
5160,CompStak,1140000,8850000
5161,Concept.io,1800000,5400000
5162,Concurix Corporation,1000000,2000000
5163,Concurrent Inc,900000,14000000
5164,Conference Hound,1700000,200000
5165,Confluence Life Sciences,970000,5500000
5166,Connect Financial Software Solutions,500000,500000
5167,Connected Data,745000,6000000
5168,Connectv.com,1400000,1527500
5169,Connexient,200000,200000
5170,Consensus Point,2013334,3388374
5171,Context Relevant,2800000,41500000
5172,Continuity Control,2130000,14362907
5173,CooCoo,910000,1000000
5174,Cool Earth Solar,750000,21000000
5175,Coorpacademy,260554,3999616
5176,Copious,2000000,5000000
5177,Copper Mobile,250000,750000
5178,CorMedix,3000000,2619973
5179,CorTec,3262320,3859800
5180,Cortexica,691101,2515786
5181,Cortica,4500000,33400000
5182,cortical.io,1929900,1250000
5183,Cortilia,593505,1877710
5184,COSMIC COLOR,337854,18285
5185,coUrbanize,118000,550806
5186,Course Hero,2183000,15000000
5187,CourseHorse,500000,1300000
5188,CourseNetworking,1120000,555936
5189,Courtagen Life Sciences,6272598,8000000
5190,Cover,1500000,5500000
5191,CoverHound,1250000,8181488
5192,Covertix,246029,3000000
5193,Coworks,300000,1650000
5194,Cozy,1500000,5000000
5195,Crashlytics,1000000,5000000
5196,Creative Market,1000000,1300000
5197,Crew,2600000,2100000
5198,Creww,300000,1200000
5199,Cribspot,660000,487034
5200,CricHQ,353773,6000000
5201,Crittercism,1220000,47500000
5202,Cro Analytics,150000,25000
5203,CROSSROADS SYSTEMS,3000000,14482816
5204,CrowdEngineering,350000,4000000
5205,CrowdFlower,1200000,26800000
5206,Crowdfunder,400000,3500000
5207,Crowdly,1410000,482730
5208,CrowdPC,100000,600000
5209,CrowdSystems,300000,1000000
5210,Crowdtap,3000000,12000000
5211,CrowdTwist,750000,15021000
5212,CrowdWorks,120000,14450000
5213,Crowdx,2000000,1000000
5214,CruiseWise,40000,1700000
5215,Crushpath,2000000,6000000
5216,CubeTree,325000,11175000
5217,Cubeyou,1440600,4624900
5218,Cue,715000,4000000
5219,Curalate,750000,11600000
5220,Curioos,500000,1900000
5221,Curis,964000,22000000
5222,CurrencyFair,2542288,357125
5223,Cursogram,300000,900000
5224,Curvature,1950000,12000000
5225,CustomInk,600000,40000000
5226,CustomMade,400000,24100000
5227,CyberSponse,1500000,595000
5228,cycleWood Solutions,550000,1450000
5229,Cymtec Systems,1314666,1712225
5230,Cyphort,1200000,22500000
5231,Cytodyn,1200000,12820510
5232,D square nv,194130,1959000
5233,Daily Secret,1850000,1250000
5234,DailyBooth,15000,6000000
5235,Darby Smart,1000000,6300000
5236,Datadog,1200000,21200000
5237,Datahug,1500000,4000000
5238,Dataium,2356714,748000
5239,DataLocker,400000,1200000
5240,DataRobot,3418000,21000000
5241,DataRPM,800000,5100000
5242,DataSift,1500000,70200000
5243,DataTorrent,750000,8000000
5244,Datical,1660000,3000000
5245,DaWanda,63621,5197200
5246,dBMEDx,1630235,1343032
5247,Deanslist,94000,13976
5248,DecaWave,1485510,10805000
5249,Decimal Software Ltd,952380,5600004
5250,Decisiv,2168237,3000008
5251,Declara,5000000,25000000
5252,Dekko,1900000,3200000
5253,Deliv,1000000,11350000
5254,Delve Networks,1650000,9917800
5255,Demdex,1500000,7000000
5256,Demeure,4000000,4000000
5257,Descomplica,60000,7000000
5258,Devver,15000,500000
5259,Dexetra,200000,1000000
5260,Diabetes Care Group,5200000,6002957
5261,Diagnostic Photonics,1346510,175000
5262,Digit Game Studios,1250000,2500000
5263,Digital Authentication Technologies,1000000,1224160
5264,Digital Reasoning,750000,28209965
5265,DigitalOcean,3205800,37000000
5266,DigitalTown,75000,1305110
5267,Dinner Lab,2100000,1000000
5268,Directr,1100000,617000
5269,Disconnect,600000,3500000
5270,Discount Park and Ride,1020000,1275000
5271,Disruption Corp,750000,1500000
5272,Disruptor Beam,771000,3200000
5273,Distil Networks,2000000,10000000
5274,ditlo,250000,55000
5275,DITTO.com,3000000,5000000
5276,Divide,2000000,23000000
5277,Diwanee,3250000,5000000
5278,DIY,1500000,4000000
5279,DNAtriX,5864813,20000000
5280,Docracy,650000,200000
5281,Doctor on Demand,3000000,21000000
5282,Docurated,1600000,3750000
5283,DocuTAP,1400000,26901362
5284,Dollar Shave Club,1000000,71800000
5285,Domo,650000,238000000
5286,DormNoise,450000,500000
5287,DoubleDutch,1200000,36745000
5288,doxo,500000,18250000
5289,Draft,600000,1500000
5290,DraftKings,1400000,75000000
5291,drchrono,1325000,2800000
5292,Drive.SG,157000,790000
5293,Drivy,2562066,8300000
5294,Dropbox,15000,607200000
5295,DSTLD,1000000,4400000
5296,Dublin Distillers,150000,4500000
5297,Duetto,2100000,31100000
5298,Duo Security,1000000,18000000
5299,Dwllr,15000,20000
5300,Dynadmic,1500000,3000000
5301,Dynamo Micropower,50000,645801
5302,EarlyTracks,280080,803605
5303,easyfolio,198441,897666
5304,EAT Club,1500000,15000000
5305,EatStreet,125000,12000000
5306,eBureau,8000000,30000000
5307,Ecal,300000,2000000
5308,Echogen Power Systems,400000,100000
5309,EchoPixel,2350000,1749999
5310,Econais Inc.,250000,2350000
5311,eCourier.co.uk,1602870,9826291
5312,eCurv,800000,2500000
5313,eDabba,2000000,850000
5314,EdgeSpring,1700000,11000000
5315,Edictive,50000,600000
5316,Edison DC Systems,90000,1364259
5317,EDITD,1600000,4400000
5318,EdSurge,400000,2460000
5319,Education Elements,2100000,6000000
5320,ElasticBox,4600000,9000000
5321,Eldarion,100000,500000
5322,ElectroCore,500000,50000000
5323,Elemental Technologies,1550000,26050000
5324,"Ello, Inc.",435000,5500000
5325,emaze,800000,2000000
5326,embraase,33793,822113
5327,Embrace Pet Insurance,800000,4500000
5328,eMerge Health Solutions,850000,250000
5329,Empire Avenue,200000,1200000
5330,Encision,1755000,1970500
5331,Endomondo,2600000,5025000
5332,ENDOTRONIX,250000,1600000
5333,EnergySavvy.com,580000,13613058
5334,eNeura Therapeutics,3224999,8578236
5335,Enevo,2950591,8000000
5336,EnglishCentral,1377000,5477577
5337,Enigma Technologies,1100000,5315000
5338,Enlyton,325000,425000
5339,Enthuse,700000,1300000
5340,Entrada,1121135,3929166
5341,ENTrigue Surgical,4000000,10878234
5342,EnWave,30591,1876070
5343,ePACT Network,982219,1000000
5344,Epoxy,2000000,6500000
5345,eRepublik,262640,2768000
5346,ERPLY,73350,4150000
5347,eSnips,1000000,4000000
5348,Estify,800000,1500000
5349,Estimize,200000,2375000
5350,ETC Education,300000,1000000
5351,Etece,648750,578970
5352,Etelos,837500,3825000
5353,EternoGen,500000,1985427
5354,Euclises Pharmaceuticals,174998,1600000
5355,Eventbrite,250000,139300000
5356,EventVue,15000,440000
5357,EverCharge,200000,300000
5358,Evergage,2250000,4000000
5359,Everlater,350000,400000
5360,Evermind,75000,5040000
5361,EverTrue,18000,14550000
5362,EveryMove,18000,6100000
5363,Evi,1212921,3977207
5364,Evident.io,1500000,9900000
5365,Evotec,759840,40000000
5366,Evtron,600000,800000
5367,Exchange Corporation,1196166,3300000
5368,ExecOnline,1216100,5710000
5369,Execution Labs,1400000,5300000
5370,Exeo Entertainment,550000,1250000
5371,Exo Labs,640000,1999691
5372,Exo Protein Bars,1200000,1704359
5373,Exodos Life Science Partners,1760550,688249
5374,Expensify,1000000,9200000
5375,Experifun,260000,75000
5376,Extension Entertainment,1250000,1500000
5377,Extreme Enterprises,300000,200000
5378,EyeVerify,1500000,8300000
5379,Eyeview,1000000,34350000
5380,Ezakus,3169760,5406939
5381,EZBOB,706716,9040275
5382,ezCater,630000,6160000
5383,F-Origin,1600000,9885060
5384,f-star Biotech,1950900,55320600
5385,Fab,3000000,332700000
5386,FaceFirst (Airborne Biometrics),100320,1185360
5387,Factual,2000000,25000000
5388,FairShare,12500,50000
5389,Famigo,2000000,20000
5390,Famo.us,1100000,24110000
5391,FanBridge,350000,2000000
5392,FanGo,15000,1037870
5393,Fantasy Shopper,263271,3300000
5394,FanXchange,550000,5500000
5395,Farmigo,2000000,8000000
5396,FarmLogs,1000000,4000000
5397,Fastacash,1500000,7000000
5398,Fear Hunters,155268,338579
5399,Feathr,380110,37496
5400,Federated Media,750000,56700000
5401,FeedVisor,1700000,6000000
5402,Feedzai,2073643,2400000
5403,Fermentalg,2870000,22631830
5404,Festicket,760000,2700000
5405,FiberZone Networks,3000000,39786202
5406,FieldLens,300000,12335000
5407,Fifty100,75000,755000
5408,FiftyThree,100000,15000000
5409,Figure 1,1650000,4000000
5410,Filmijob,31500,6500
5411,Filtrbox,515000,1400000
5412,Financeit,400000,13000000
5413,Finexkap,1323515,7476573
5414,Firebase,1400000,5600000
5415,First Meta,35000,466000
5416,FiscalNote,1200000,7000000
5417,Fischer Medical Technologies,2100505,1666657
5418,Fitcline,5000,15000
5419,Fitmoo,400000,6512400
5420,FitnessKeeper,400000,11110000
5421,Fits.me,1750000,12500000
5422,FitStar,1000000,4000000
5423,FiveStars,2150000,40500000
5424,Flashnotes,3300000,8100000
5425,FlatBurger,1750000,5000000
5426,Fleksy,900000,5000000
5427,Flexible Medical Systems,1200000,2862155
5428,FlexMinder,170000,2600000
5429,FlightCar,590000,19100000
5430,Flixwagon,1000000,1500000
5431,Flo Water,20000,880000
5432,Flocktory,200000,1500000
5433,Floop,150000,325000
5434,Fluidinfo,540000,2114239
5435,FlyData,680000,2375000
5436,Foneshow,25000,2050000
5437,Food Genius,75000,2200000
5438,Food52,750000,8250000
5439,Fooda,2800000,10000000
5440,FoodEssentials,650000,1527921
5441,Foodspotting,750000,3000000
5442,Fora,137000,50000
5443,FORA.tv,2000000,6000000
5444,Foresight Biotherapeutics,2000290,15000000
5445,Fortress Risk Management,600000,3500000
5446,Fotomoto,300000,1522922
5447,fotopedia,2300000,8862722
5448,Free All Media,1000000,747500
5449,Freedom Meditech,280000,9630004
5450,freee,500000,16700000
5451,Freespee,1189120,5774340
5452,Fresenius Medical Care,2277466,30129165
5453,Freshdesk,1051638,43999930
5454,FreshPlanet,750521,1500000
5455,Front Desk HQ,3200000,4000000
5456,Fruitfulll,480000,5000000
5457,Fuel (fuelpowered.com),2475000,3500000
5458,Full Circle CRM,500000,3800000
5459,FullContact,1868000,7000000
5460,Fundrise,2000000,38000000
5461,Fuse Powered Inc.,7000000,5000000
5462,FutureAdvisor,1000000,20500000
5463,Fuze Network,1200000,2500000
5464,FX Bridge,1009706,3525000
5465,GAIN Fitness,650000,2140000
5466,Gainsight,50000,54000000
5467,GameChanger Media,250000,10382657
5468,GameLayers,500000,1500000
5469,gate5,5858093,8114600
5470,Gauss Surgical,2226000,4699997
5471,gdgt,550000,3165000
5472,Geckoboard,300000,1500000
5473,Geekatoo,500000,1700000
5474,Gelato Fiasco,550000,150000
5475,Gemmyo,65000,5228460
5476,General Assembly,4500000,44800000
5477,GeneWeave Biosciences,1000000,23999998
5478,Gengo,1550000,17250000
5479,Genius,1800000,55000000
5480,Genocea Biosciences,400000,65000000
5481,GENWI,1100000,6000000
5482,Geofeedia,290000,3500000
5483,GeoOptics,467750,185000
5484,Get Satisfaction,4850000,16000000
5485,Getaround,3400000,37900000
5486,GetTaxi,2000000,48000000
5487,GetYourGuide,2000000,43500000
5488,Gibberin,280000,303318
5489,Giftiki,20000,1000000
5490,Gigwalk,1700000,16100000
5491,Gild,4400000,21500000
5492,Gimahhot,70782,839750
5493,Gimmie,520000,1200000
5494,Ginger.io,1700000,6500000
5495,Giraffic,2000000,4500000
5496,GiveForward,15000,2500000
5497,Glamit,65000,500000
5498,GlampingHub.com,40000,1000000
5499,GLAMSQUAD,2000000,7000000
5500,Glenveigh Medical,2000000,1100000
5501,Glider,1000000,350000
5502,GLIIF,270000,490000
5503,Global Ad Source,152823,542000
5504,Global Weather,2000000,1043488
5505,GlobeIn,1100000,2100000
5506,GlobeSherpa,25000,1300000
5507,Glooko,1000000,10500000
5508,Glow Digital Media,1250000,7000000
5509,Gnip,40000,6600000
5510,Go Try It On,750000,3000000
5511,GOBA,1375000,450000
5512,Gobbler,1780000,3251724
5513,goCatch,3000000,5000000
5514,GoCoin,550000,1500000
5515,GoEuro,4000000,27000000
5516,GoingOn,950000,7550000
5517,Gojee,1200000,2800000
5518,GoldSpot Media,2000000,15050000
5519,"Gomez, Inc.",7000000,57900000
5520,GoodData,5000000,94199993
5521,Goodfilms,20000,150000
5522,Goodman Networks,43358,2000000
5523,GoodPeople,400000,1100000
5524,Goojet,3395030,8457000
5525,GoPlaceIt,40000,1090000
5526,Gordon Games,75000,599114
5527,GoSpotCheck,1200000,3344995
5528,GotGame,500000,500000
5529,GottaPark,100000,500000
5530,Gousto,2000000,8300000
5531,GrabCAD,1468793,12150000
5532,Grand Cru,2000000,11000000
5533,Grand Rounds,1000000,50000000
5534,Graphicly,18000,7300000
5535,Great Lakes Pharmaceuticals,350000,16720531
5536,Greenlots,2000000,5000000
5537,Gremln,600000,583452
5538,Grid2Home,2449999,4600000
5539,Gridstore,1970400,23500000
5540,Grocio,130000,1245000
5541,Grockit,20000,44300000
5542,Grooveshark,1000000,110600
5543,GROU.PS,500000,4500000
5544,GroupGifting.com DBA eGifter,724900,1694279
5545,Grove Labs,2079999,140000
5546,Grovo,1523992,5500000
5547,Grow the Planet,43000,521400
5548,gShift Labs,469673,1600000
5549,Guerrilla RF,50000,1650000
5550,GuestCentric Systems,1250000,4000000
5551,GuestDriven,300000,4500000
5552,Gumroad,1100000,7000000
5553,Gusto,1300000,500000
5554,Gyft,2500000,5000000
5555,Habitissimo,55668,649340
5556,Hacker School,17000,200000
5557,HackerRank,200000,12200000
5558,Haiku Deck,900000,3000000
5559,Hailo,3000000,74116900
5560,Haivision,5651295,12000000
5561,Hall,580000,5500000
5562,Hampton Creek,3000000,27000000
5563,Handle,4600000,6500000
5564,HangIt,6200000,4300000
5565,Happify,3800800,2707215
5566,Happy Cloud,4250000,4250000
5567,Hapten Sciences,975000,475000
5568,HapYak Interactive Video,850000,990892
5569,HarQen,750000,7018177
5570,Harrys,4000000,207500001
5571,Hassle.com,23000,6390698
5572,Hatchbuck,957500,3498814
5573,Haute Secure,500000,1600000
5574,HEALBE,200000,2600000
5575,Health & Bliss,50000,2000000
5576,HealthTap,2350000,35500000
5577,Heckyl,250000,3500000
5578,Hedvig,2500001,10000000
5579,Helium,2800000,15975935
5580,Hello Chair,15000,874999
5581,HelpingDoc,155236,1500000
5582,"Helpshift, Inc.",3200000,10000000
5583,HemoSonics,1285997,1003750
5584,Hepa Wash,1660000,5700000
5585,Heroku,20000,13000000
5586,HeyBubble,150000,250000
5587,Heyday,2000000,3500000
5588,Heyzap,680000,7315000
5589,HG Data Company,1500000,4759998
5590,Higher Learning Technologies,1000000,5500000
5591,HighGround,2160000,7999999
5592,HighRoads,262500,21313400
5593,Hightower,2120000,6500000
5594,Hipmunk,1015000,39200000
5595,HIPVILLA,440000,900000
5596,Hired,2700000,15000000
5597,HireIQ Solutions,1500000,2934844
5598,Hireology,1600000,1431776
5599,HitFix,1000000,5800000
5600,Hoana Medical,645000,600600
5601,Homejoy,1700000,38000000
5602,Homesnap,2000000,3500000
5603,Honest Buildings,2000000,9500000
5604,Hooked Media Group,1500000,3000000
5605,Hopper,1723709,20000000
5606,Horticultural Asset Management,1000000,3200000
5607,Hostel Rocket,125000,650000
5608,HOTEL Top-Level Domain,68195,2000000
5609,Hotlist,25000,624998
5610,HourlyNerd,750000,4000000
5611,Househappy,1000000,2550000
5612,Housing.com,2500000,37000000
5613,Hover 3D,3100000,3000000
5614,HubSpot,500000,100000000
5615,I Am Smart Technology,750000,2000
5616,iAdvize,44801,1304600
5617,iBuildApp,100000,350000
5618,Ice Energy,10000000,82000000
5619,iChange,300000,1030500
5620,iCharts,1400000,7400000
5621,Iconixx Software,4764900,9000000
5622,iContact,500000,45400191
5623,ID.me,140000,7500000
5624,idio,250000,2350000
5625,iDreamsky Technology,2000000,10000000
5626,If You Can,2800000,6500000
5627,Ifbyphone,1500000,60558268
5628,Ifeelgoods,1500000,9500000
5629,IfOnly,3000000,12000000
5630,IFTTT,1500000,37000000
5631,iGlue,250000,850000
5632,Ignite Game Technologies,525457,12500000
5633,iGroup Network,940000,1300000
5634,iGuiders,200000,970000
5635,IIX Inc.,500000,10400000
5636,Ilesfay Technology Group,615000,350000
5637,imeem,750000,26382127
5638,imgix,164000,5000000
5639,Imimtek,4074997,1050000
5640,Immerse Learning,778110,1260207
5641,ImmuneWorks,300000,60000
5642,Immunity Project,120000,1000000
5643,iMoney Group,500000,6000000
5644,Impermium,1000000,8000000
5645,Impression Technologies,759146,487297
5646,iMusician,2101946,1016945
5647,Incoming Media,1100000,4900000
5648,inContact,3000000,8399999
5649,Incuvo,1000000,350000
5650,Indiegogo,1500000,55000000
5651,IndoorAtlas,4540000,10000000
5652,Infinio,2000000,22000000
5653,Infinite Monkeys,500000,500000
5654,Influitive,3750000,7550000
5655,InfoBionic,969043,17000000
5656,Infogram,266240,2393076
5657,InfoMotion Sports Technologies,3500000,516000
5658,InforcePRO software,47197,1500000
5659,InformedDNA,3485000,5000000
5660,InfoScout,400000,21000000
5661,Infoxel,5000,300000
5662,Inhale Digital,1100000,200000
5663,inmobly,3050000,915000
5664,innRoad,4645311,11915903
5665,Inpria Corporation,1160000,12000000
5666,Insane Logic,103724,1623086
5667,InSeT Systems,100000,400000
5668,Insightpool,500000,4000000
5669,InsightSquared,1000000,26000000
5670,Inspiron Logistics Corporation,100000,400000
5671,Instacart,2300000,52500000
5672,Instacover,763595,725000
5673,InstaEDU,1100000,4000000
5674,Instagram,500000,57000000
5675,Instinctiv,750000,400002
5676,Integrated Diagnostics,1800000,70250000
5677,IntelePeer,4102097,37000000
5678,InteliVideo,375000,2611684
5679,IntellectSpace,500000,200000
5680,IntelliWheels,500000,100000
5681,InteraXon,1200000,6000000
5682,Intercom,1750000,29000000
5683,Interior Define,1000000,2160000
5684,Interlude,3250000,16000000
5685,Invested.in,875000,880000
5686,invino,150000,3000000
5687,InVision,1500000,32600000
5688,Invision Heart,15000,3797244
5689,Invite Media,1000000,4000000
5690,Invuity,2000000,74200000
5691,INXPO,1313287,9000000
5692,ipatter.com,430752,380516
5693,iPAYst,360188,7160379
5694,IQcard,500000,7200000
5695,iQuantifi.com,500000,1100000
5696,iRidge,1037703,2125775
5697,IronPlanet,3072680,67333295
5698,Ischemia Care,1911375,1918594
5699,iScreen Vision,2592000,7851323
5700,ISI Technology,2000000,200000
5701,isocket,2104119,13000000
5702,iSpot.tv,575000,5000000
5703,iSyndica,150000,350000
5704,iTOK,2000000,18000000
5705,Izooble,673028,136000
5706,J C Lads,5000000,795083
5707,J. Hilburn,1000000,25037513
5708,J2 Software Solutions,4547394,2500145
5709,Jack and Jake�s,100000,475000
5710,Jack Erwin,750000,11000000
5711,Jacked,500000,8500000
5712,Jammit,300000,2300000
5713,Jaunt,350000,34600000
5714,Jeeri Neotech International,2512832,9900000
5715,Jelli,2000000,14000000
5716,Jennerex Biotherapeutics,1750006,22700000
5717,Jibe,875000,36000000
5718,Jiff,1000000,25800000
5719,Jingit,500000,6999000
5720,Jinni,1500000,6600000
5721,Jipio,28976,120000
5722,Jivox,2700000,28700000
5723,jobandtalent,735480,17300000
5724,JobHive,1604000,870275
5725,Jogli,50000,900000
5726,Jointly Health,3891000,3820000
5727,Joust,2640000,1200000
5728,JoyTunes,1500000,5000000
5729,Julep,4000000,51715020
5730,Junar,40000,1200000
5731,Jusp,1185600,5122000
5732,just.me 2014 Inc,625000,2200000
5733,JustFamily,1250000,3545661
5734,JusticeBox,150000,100000
5735,Justworks,1000000,6000000
5736,Juventas Therapeutics,300000,27200000
5737,Kahuna,2000000,11000000
5738,Kairos AR,1800000,1200000
5739,Kaizen Platform,800000,5000000
5740,Kaleo Software,1500000,287500
5741,Kamcord,2670000,7100000
5742,Kantox,2732060,8362900
5743,Kanvas Labs,2000000,1436500
5744,Kapost,500000,8200000
5745,Kareo,2000000,78899999
5746,Karo Internet,405810,155080
5747,Kato,118000,1760000
5748,Kazaana,600000,6975000
5749,Kedzoh,110000,70000
5750,Keen IO,6450820,11300000
5751,Keen Systems,1225000,1625000
5752,Keepsafe,700000,3400000
5753,Kekanto,60000,5500000
5754,KelDoc,914005,1400000
5755,Kensho,10000000,15000000
5756,Kereos,1127730,5675098
5757,KeyMe,2300000,7800000
5758,Keystone Insights,20000,232312
5759,KeyVive,300000,617500
5760,Kickanotch mobile,500000,1100000
5761,Kickball Labs,200000,2000000
5762,Kickboard,100000,2000000
5763,Kidbox,165000,500000
5764,Kidizen,85000,100000
5765,KidZui,8000000,10400000
5766,Kindara,25000,1250000
5767,Kinnek,1500000,10000000
5768,Kinvey,2018000,15800000
5769,Kiosked,5750000,6900000
5770,Kipo,189600,300000
5771,Kirusa,2530000,24300000
5772,KISSmetrics,1000000,9800000
5773,kissnofrog,137050,744450
5774,KitCheck,100000,10370400
5775,Kitchensurfing,1000000,18500000
5776,Kitman Labs,71362,4000000
5777,Kitsy Lane,1041900,4500000
5778,Kiwi Crate,2000000,5000000
5779,Knowledge Adventure,60000,26800000
5780,KnowRe,1800000,6800000
5781,KOALA.CH,450769,2715200
5782,Koding,9250000,9530159
5783,Konga Online Shopping Limited,3500000,75000000
5784,kontakt.io,250000,2000000
5785,Koofers,2000000,5000000
5786,Kopo Kopo,939923,5419999
5787,Korbit,516136,3000000
5788,Kreditech,1000000,47000000
5789,Krux,2000000,48000000
5790,Kuapay,2100000,10200000
5791,Kunerango,128660,39582
5792,KuponGid,1000,850000
5793,Kuponjo,32570,135030
5794,Kwaga,794760,1550000
5795,Kwarter,1000000,4000000
5796,KYCK.com,1000000,1012948
5797,Kyield,500000,100000
5798,La Ruche qui dit Oui,65430,1942183
5799,Lagoa,1600000,5300000
5800,Lagrange Systems,559992,2839998
5801,lancers Inc,2900000,8450000
5802,lark,1000000,3100000
5803,Larky,650000,1760000
5804,Lat49,2500000,1300000
5805,Layer,7500000,14500000
5806,LE TOTE,1750000,8800000
5807,LeadiD,1000000,8700000
5808,Leadspace,3000000,7000000
5809,Leap Motion,1300000,42750000
5810,Leap.it,1600000,500000
5811,Leapfactor,670000,384130
5812,Leapset,1000000,31000000
5813,LearnSprout,500000,4200000
5814,LearnVest,1100000,67930000
5815,LearnZillion,2400000,7000000
5816,Leetchi,650000,7200000
5817,LendingStandard,100000,100000
5818,lensgen,1500000,950000
5819,Leosphere,993000,27687536
5820,Lernstift,268791,300000
5821,lettrs,10000,1500000
5822,LeWa Tek,3000000,10954716
5823,Lex Machina,2811110,8070338
5824,Lexity,1200000,4500000
5825,Leyden Energy,4500000,30000000
5826,Liaison Technologies,727627,45000000
5827,Librato,1250000,3800000
5828,Lidyana.com,1000000,9000000
5829,Life360,50000,72500000
5830,LIFX,20000,12000000
5831,Ligon Discovery,1000000,500000
5832,LinguaSys,1000000,3920000
5833,Link Trigger,500000,260237
5834,Linkable Networks,1500000,27229937
5835,Linkage Biosciences,1000000,9643228
5836,Liquid Robotics,75000,81500000
5837,LiquidSpace,1300000,24900000
5838,LISNR Inc.,850000,3500000
5839,Listia,1765000,9000000
5840,Little Bird,18000,1723668
5841,littleBits Electronics,850000,14750000
5842,LiveAction,500000,5350000
5843,LIVELENZ,980392,898203
5844,Lively,500000,2125000
5845,Lively Inc.,2500000,4800000
5846,LiveMinutes,1400000,1754164
5847,LiveNinja,500000,500000
5848,LiveRail,500000,11500000
5849,Livestage,55000,1859977
5850,Livio Radio,300000,5496518
5851,Livrada,1000000,410816
5852,Lob,2400000,7000000
5853,LOC Enterprises,1835300,700000
5854,Local Eye Site,150000,10000
5855,Local Market Launch,1000000,2500000
5856,Locality,2425000,4300000
5857,Locata Corporation,500000,22000000
5858,Locket,500000,3152746
5859,LocoMobi,3500000,5500000
5860,Locu,600000,4000000
5861,Loffles,500000,162440
5862,Logentries,1100000,10000000
5863,LoiLo,84655,1177699
5864,Lolly Wolly Doodle,1700000,21252986
5865,Looker,2000000,16000000
5866,Lookery,900000,2250000
5867,Loomia,1000000,5000000
5868,Loop Commerce,1000000,12200000
5869,LoopMe,500000,3000000
5870,Loopt,6000,39099997
5871,Loosecubes,1230000,7800000
5872,Lore,18000,6000000
5873,Lot18,500000,44000000
5874,Lovely,2000000,2500000
5875,Lover.ly,1200000,3770000
5876,Lucid Software,89256,4362414
5877,Lucid Software Inc,1000000,5000000
5878,Lukup Media,1000000,1000000
5879,Lulu,2500000,1000000
5880,LumaCyte,512080,30080
5881,Lumara Health,210000,7552506
5882,Lumatic,13000,800000
5883,"Lumesis, Inc.",1981872,4499999
5884,Luminoso,1499997,6500000
5885,LUMOback,1100100,5000000
5886,Luxanova,50000,62500
5887,Lydia,771960,4484723
5888,Lyft,1500000,331000000
5889,Lymbix,956157,1398369
5890,LynxFit,70000,15000
5891,Lyst,1521346,19000000
5892,Lytics,2200000,7000000
5893,Lyxia,1600000,17100000
5894,M86 Security,1249991,23085809
5895,Maana,2610000,11000000
5896,Madefire,1200000,8718168
5897,madKast,15000,300000
5898,MADS,302600,2031500
5899,Maestrano,98408,941964
5900,Magnetic,1250000,14000000
5901,Magor Communications,402221,260000
5902,Mailjet,72030,6300000
5903,MailLift,220000,70000
5904,MailPix,500000,1050000
5905,Main Street Hub,5400000,15600000
5906,makeena,76455,25000
5907,MakeSpace,2100000,8000000
5908,Malang Studio,200000,1900000
5909,mana.bo,374000,3070000
5910,Mandoyo,300000,400000
5911,Mangia,844994,477417
5912,Mango Health,3050000,5250000
5913,Manhattan Scientifics,300000,2000000
5914,ManyWho,310000,966115
5915,Marfeel,137024,2098400
5916,Marginize,662000,1609994
5917,Markado,1000000,1000000
5918,MarketFactory,75027,3619985
5919,MarketMeSuite,200000,2350000
5920,MarkITx,3210000,4200000
5921,Marley Spoon,1500000,5009267
5922,Marxent Labs,400000,2300000
5923,Massdrop,1350000,6500000
5924,MassRoots,625000,100000
5925,MasteryConnect,1100000,22875000
5926,Matterport,1600000,24400000
5927,Maven,1000000,2000000
5928,MavenHut,20118,716325
5929,McGinley Innovations,505000,800000
5930,MD Synergy Solutions,800000,8080800
5931,MDC Media,1500000,700000
5932,Meal Ticket,228000,1500000
5933,MedAdherence,150000,200000
5934,Medalogix,300000,5000000
5935,Medaxion,2219302,1544174
5936,MedCenterDisplay,3125000,3000125
5937,Meddik,750000,750010
5938,MedeFile International,250000,2693000
5939,Media Convergence Group,1250000,3500000
5940,Media Temple,1086016,15000000
5941,MediaCrossing Inc.,650000,6000000
5942,MediaScrape,1000000,3200000
5943,MEDIGO,2891977,6230684
5944,Medimetrix Solutions Exchange,67530,2552936
5945,MediSwipe,600000,1100000
5946,Medley Health,3999999,27500000
5947,MEDSEEK,5500003,100000
5948,"MedStatix, LLC",2500000,1500000
5949,Meebo,5000000,65000000
5950,Meez,500000,9700000
5951,Melior Discovery,500000,5066599
5952,Meludia,130000,891509
5953,Memeoirs,40000,300000
5954,Memoir,18000,6700000
5955,Memrise,1178000,5100000
5956,MemSQL,5000000,40000000
5957,Mercari,500000,41100000
5958,Meridian,1000000,975000
5959,MessageMe,3375000,10000000
5960,Metamarkets,2500000,26000000
5961,Method CRM,2831858,5996402
5962,Metreos Corporation,555000,3800000
5963,MetricStream,420000,122100000
5964,MetroTech Net,650000,450000
5965,Mettl,80000,4000000
5966,Mic Network,1800000,10000000
5967,Microfabrica,2999999,30500000
5968,Microstim,640000,2633650
5969,MicroTransponder,3400000,4679068
5970,Midokura,1343106,17300000
5971,MightyText,650000,100000
5972,Milaap Social Ventures,250000,1100000
5973,Milo,950000,4000000
5974,milog,1200000,3800000
5975,Mimetas,1600000,5200000
5976,MindMixer,300000,22900000
5977,MindSnacks,1200000,6500000
5978,Mindwork Labs,780000,1600000
5979,MiNeeds,500000,4000000
5980,Minekey,600000,3000000
5981,Mingleverse,440000,1400000
5982,Ministry of Supply,1150000,3812271
5983,Mint,325000,30700000
5984,Minted,2500000,86600000
5985,Minus,1000000,9000000
5986,MinuteKey,1645000,54150767
5987,Mirage Endoscopy Center,140400,108000
5988,Mirametrix,651339,3603603
5989,Miso Media,600000,2400000
5990,Mixpanel,1250000,10250000
5991,Mizzen+Main,250000,1200000
5992,MMIC Solutions,1899177,5250000
5993,Moat,3000000,12000000
5994,MobiKwik,250000,30000000
5995,MobileDay,1475000,8534001
5996,MobileIron,1000000,143800000
5997,MobileROI,1000000,5000000
5998,MobileRQ,800000,1200000
5999,MobileSpan,28000,2300000
6000,MobiMagic,15000,10000
6001,ModCloth,1055000,62684701
6002,Modern Guild,700000,730000
6003,Modo Labs,2000000,5000000
6004,Modulus Video,204000,8500000
6005,MoFuse,100000,1725000
6006,Moglue,540000,225000
6007,Moi Corporation,640000,5000000
6008,Mojo Motors,2707640,3750000
6009,Moki,2133950,6600000
6010,Molcure,44800,1833883
6011,Molecular Sensing,2075000,1950000
6012,Moleculera Labs,1840000,2958936
6013,Molplex,145621,568261
6014,Moment.me,1500000,1650000
6015,MomentFeed,3000000,5500000
6016,Monetate,600000,45487662
6017,MoneyFarm,967750,4645814
6018,moneymeets,258957,1472826
6019,"Moon Express, Inc.",2500000,22500000
6020,Moontoast,6000000,11998631
6021,Moovweb,700000,16000000
6022,Mosaic Storage Systems,150000,1392844
6023,Motionsoft,2999999,18799977
6024,MovableInk,85000,12300000
6025,MOVE Guides,1800000,8199999
6026,Moveline,1500000,3000000
6027,Moven,4410000,8000000
6028,MoviePass,1500000,2200000
6029,Moxie Jean,75000,1375539
6030,mPortico,950000,2300000
6031,Mr. Youth,100000,15000000
6032,Munchery,700000,39219000
6033,musiXmatch,1200000,8700000
6034,My-Apps,150000,1500000
6035,my6sense,500000,7000000
6036,MyBaze,1291083,1267860
6037,MyCheck,1700000,4200000
6038,MyCityWay,1000000,5000000
6039,mydeco,5150000,14529275
6040,mygola,1000000,1500000
6041,MyHealthTeams,1750000,3360000
6042,MyLikes,630000,5600000
6043,MyPermissions,1600000,1000000
6044,MyRealTrip,40000,979487
6045,MySiteApp,2650000,1000000
6046,"Nagisa,inc.",65000,2000000
6047,Namely,750000,20050000
6048,Nanomech,3539501,19100000
6049,Nanotech Security,3000000,2140793
6050,Nanovi,771960,3423268
6051,Narrative,3675000,8000000
6052,Narrative Science,1350000,28050000
6053,NationBuilder,500000,14250000
6054,Nativeflow,1000000,9425000
6055,NatureBox,2000000,26500000
6056,navabi,814250,15666000
6057,Navmii,1125000,3116446
6058,NAVX,117970,3951000
6059,NBD Nanotechnologies Inc,1000000,6408000
6060,nCino,7542005,12457997
6061,nCrypted Cloud,3000000,5000000
6062,Neo Technology,2500000,21600000
6063,Neon Labs,625000,4099999
6064,Nervana Systems,600000,3300000
6065,NerVve Technologies,300000,5000000
6066,Netbooks,187632,15968396
6067,Netvibes,1000000,15000000
6068,Neura,20000,2000000
6069,NeurOptics,500000,1246627
6070,Neuros Medical,275000,10760029
6071,Neurotrack,90000,2000000
6072,Neverware,1000000,6576915
6073,New Century Hospice,1296337,33000000
6074,NewsCred,1000000,44000000
6075,Newsela,1200000,5956174
6076,Newsgrape,81282,79712
6077,Newsle,600000,2049997
6078,Nexercise,250000,938558
6079,Nexgate,500000,3500000
6080,NexImmune,1000,3000000
6081,Nexmo,500000,22330000
6082,Next Big Sound,1000000,6949997
6083,NextPrinciples,1450000,1724999
6084,NGDATA,2500000,3300000
6085,Night Out,125000,150000
6086,Nimbit,1000000,4425636
6087,Nimble TV,1650000,4500000
6088,Nimble VR,349999,1900000
6089,Nimbus Discovery,1500000,27500000
6090,Ninja Blocks,1000000,700000
6091,Nitero,1611500,3100000
6092,Nitrous,1000000,6650000
6093,NOBOT,416179,1232849
6094,Nomi,3000000,10000000
6095,Noom,2596744,9612517
6096,Norse,50000,10000000
6097,NorthStar Systems International,11500000,18000000
6098,Nosto,2800000,5500000
6099,NovaTract Surgical,150000,3620000
6100,Novira Therapeutics,2500000,27995233
6101,Novita Therapeutics,750000,3995000
6102,Novogy,1500000,4000000
6103,NoWait,75000,13965310
6104,nPulse Technologies,1947189,1000000
6105,nScaled,1500000,7000000
6106,Nu-Med Plus,87653,251500
6107,Nu-Tech Foods,650000,512500
6108,Nubank,2000000,14300000
6109,Nuclea Biotechnologies,1066970,26158450
6110,NuConomy,300000,3000000
6111,NudgeRx,215000,364996
6112,Nurix,3100000,25100000
6113,NuScriptRx,10479384,13000000
6114,Nutek Orthopaedics,400000,3074998
6115,NVMdurance,321650,800000
6116,nWay,4000000,5000000
6117,o9 Solutions,3000000,6000000
6118,Objective Logistics,800000,6800000
6119,Occipital,15000,7000000
6120,official.fm,1600000,5000000
6121,Offline Media,110000,100000
6122,Ogorod,400000,1000000
6123,Oh My Glasses,520000,13150000
6124,Oja.la,115000,500000
6125,Okta,750000,153500000
6126,Olapic,1000000,5000000
6127,Olive Medical Corporation,1000000,871500
6128,Olo,1250000,22000000
6129,Omada Health,820000,27700000
6130,Omedix,1250000,1260000
6131,Ometria,2000000,600000
6132,OmniLytics,200000,500000
6133,OMsignal,1000000,10000000
6134,Onapsis Inc.,3000000,9600000
6135,OnBeep,500000,6250000
6136,OncoHealth,600000,1600000
6137,Oncoscope,2000000,1198184
6138,Ondine Biomedical Inc.,43360,719491
6139,One Season,250000,3500000
6140,Onehub,750000,2050000
6141,ONFocus Healthcare,500000,3000000
6142,OnlineSheetMusic,157896,2000000
6143,OnPath Technologies,1000012,11850000
6144,OnShift,350000,13783008
6145,OnSwipe,1000000,5000000
6146,Oonair,600000,2498400
6147,Oony,25000,150000
6148,Opal Labs,2100000,8000000
6149,Open Box Technologies,150000,2300000
6150,OpenDoor,40000,9950000
6151,OpenExchange,1250001,9100000
6152,OpenFin,2612879,4000000
6153,OpenSesame,2000000,8000000
6154,OpenSignal,1300000,4000000
6155,Oppa,2360000,13000000
6156,Optimizely,2000000,85000000
6157,Orbital Traction,3320000,3203000
6158,Orbotix,120000,36112214
6159,Orchard Platform,5400000,12000000
6160,Order Mapper,10000,550000
6161,orderbird AG,797790,13606120
6162,Ordoro,2800000,1200000
6163,Ordr.in,898000,500000
6164,Organovo Holdings,7662675,3489760
6165,Origami Inc.,400000,5000000
6166,Oris4,3000000,1000000
6167,Ormet Circuits,1000000,6437500
6168,Orthodata,250000,352375
6169,OrthoFi,400000,1200000
6170,OSIX,5000000,832500
6171,Osmo,2500000,12000000
6172,Oso Technologies,250000,325000
6173,Osper,1216427,10000000
6174,Otterology,425000,425000
6175,Outbrain,1000000,98000000
6176,Outright,2000000,5500000
6177,OutSmart Power Systems,2000000,5300000
6178,Overdog,3475109,1800000
6179,Overwatch,170000,100000
6180,Oxynade,71160,1443445
6181,OYO Sportstoys,3000000,11000000
6182,Oyster,3000000,14000000
6183,Ozura World,500000,52500000
6184,Ozy Media,5399988,20000000
6185,P2 Science,850000,1150011
6186,P2Binvestor,200000,1200000
6187,Pacific Shore Holdings,5000,1951597
6188,PagerDuty,1900000,37900000
6189,Paired Health,500000,200000
6190,Palringo,1213010,9065504
6191,PandoDaily,3500000,1200000
6192,Pangea Universal Holdings,1000000,4970053
6193,Panjiva,400000,5200000
6194,Panjo,1600000,272500
6195,Pantheon,1300000,31500000
6196,Parabase Genomics,970000,2000000
6197,Parking Panda,25000,4700000
6198,ParLevel Systems,178000,2830313
6199,Parsely,820000,5232753
6200,Party Earth,235122,4000000
6201,Passport,1068750,6000000
6202,PasswordBox,2200000,6000000
6203,Path,2500000,74489867
6204,PATHEOS,1850000,1574336
6205,Pathfinder Technologies,4452212,3024162
6206,PatientFocus,900000,145000
6207,Patreon,2100000,15000000
6208,Paws for Life,1000000,1500000
6209,Paxfire,100000,2100000
6210,payasUgym,1469623,2424402
6211,Payfirma,501501,2221017
6212,Payoff,1700000,19000000
6213,Payoneer,2000000,38000000
6214,PayParade Pictures,125000,75000
6215,PayTouch,153317,1286600
6216,Payveris,1450000,5200000
6217,Payward,1500000,5000000
6218,Pear (formerly Apparel Media Group),665000,1150000
6219,Peatix,1615000,3000000
6220,Pebbles Interfaces,450000,11000000
6221,Peek,1400000,5500000
6222,Peer39,3015001,26900000
6223,Peerby,235000,2100000
6224,peerTransfer,1100000,20100000
6225,Peloton Interactive,400000,14000000
6226,PeopleDoc,1979335,17500000
6227,Pepex Biomedical,10000000,201670
6228,Percolate,1500000,33000000
6229,PerfectSearch,670000,3655500
6230,Perkville,950000,2400000
6231,Personal Capital,2300000,102025000
6232,Personal Genome Diagnostics (PGD),100000,2800000
6233,Personera,9000,1400000
6234,Personify Inc,800000,6437193
6235,PetHub,1300000,2256071
6236,PhotoMania,1000000,2000000
6237,PhotoRocket,376917,1348917
6238,Photoways,765721,20795069
6239,Picaboo,1000000,6807981
6240,PicRate.Me,1000,9700
6241,Pigeonly,1000000,1004999
6242,Pikum,650000,5270000
6243,PillPack,550000,12250000
6244,Pindrop Security,1000000,11000000
6245,PingMD,2500000,812300
6246,Pinnatta,900000,1500000
6247,Piqora,3500000,7700000
6248,Pivotal Systems,499999,34450000
6249,Pixability,150000,8110157
6250,Pixalate,150000,4600000
6251,Placemeter,1700000,6000000
6252,Plain Vanilla,1200000,26500000
6253,Plair,2100000,3691106
6254,Planet Soho,3000000,8000000
6255,Plasticity Labs,600000,2100000
6256,Plated,1400000,20000000
6257,PlatformQ,1320000,3500000
6258,PlayBuzz,800000,3000000
6259,Playdek,655000,3800000
6260,Playfish,4000000,17000000
6261,PlayMob,20962,789483
6262,Plink,633000,3000000
6263,Ploonge,371370,371810
6264,PlotWatt,1000000,3714998
6265,Plures Technologies,750000,5661000
6266,PluroGen Therapeutics,1700000,1678194
6267,PlusN (+n ),600000,600000
6268,Pluto Media,1000000,1150000
6269,Pluto TV,500000,13000000
6270,Plutus Software,355000,3942285
6271,Plyce,400200,2751815
6272,Pocket Change,1400000,5000000
6273,PodPonics,1925000,4553012
6274,Point.io,1500000,750000
6275,PokitDok,1300000,4000000
6276,PolicyStat,1430000,1150000
6277,Pollsb,700000,1300000
6278,Pong Research Corporation,2500000,14000000
6279,Popdeem,150000,685199
6280,Posse,500000,1500000
6281,Posterous,15000,9400000
6282,Postmates,60000,21000000
6283,Power2Switch,75000,1300000
6284,PowerInbox,1900000,10000000
6285,Powtoon,180000,600000
6286,PPTV,500000,286000000
6287,Practice Ignition,650000,110000
6288,Pr�t d�Union,265699,18087960
6289,PrecisionHawk,1000000,10000000
6290,Precog,768000,2000000
6291,PredPol,1300000,2375000
6292,Preparis,1500000,4911000
6293,Pressure BioSciences,800000,7198756
6294,Prestadero,400000,670000
6295,Prevently,1485000,720500
6296,Prevoty,700000,2427000
6297,Prezi,260000,14000000
6298,Priceline,1986990,75350000
6299,Pricing Engine,1000000,100000
6300,Prioria Robotics,2499999,5500000
6301,Prism Skylabs,1500000,22499700
6302,PrismaStar,1996420,5274567
6303,Pristine.io,750000,5400000
6304,Privacy Analytics,3500000,1375000
6305,Privy,1700000,157500
6306,Pro.com,3500000,14000000
6307,Procured Health,1100000,4000000
6308,Product Hunt,1000000,6100000
6309,Profitably,300000,1188888
6310,Profitero,63575,8979800
6311,Prognosis Health Information Systems,658887,7000000
6312,PromoFarma.com,2044050,3879900
6313,Propeller Health,6958200,19500000
6314,Properati,225000,2000000
6315,Prospex Medical,1500000,1500000
6316,Protenus,770000,50000
6317,Protochips,507000,780001
6318,Proven,2950000,845000
6319,"ProvenProspects, Inc.",14000,150000
6320,ProVision Communications,1460000,1700000
6321,Proxy Technologies,372368,2592305
6322,PRSM Healthcare,50000,55000
6323,pSiFlow Technology,300000,365000
6324,Public Insight Corporation,100000,520000
6325,PublicStuff,1552136,5000000
6326,PublishThis,2738628,5000000
6327,Pure Digital Technologies,200000,68000000
6328,pushd,1350000,1040000
6329,PuzzleSocial,600000,1100000
6330,PVPower,15000,994000
6331,Q-Sensei,1400000,4950000
6332,Qbox.io,428333,30000
6333,QR Pharma,350000,110000
6334,Qstream,1550000,2800000
6335,Quandoo,2000000,37500000
6336,Quantopian,2100000,21700000
6337,Quanttus,3000000,19000000
6338,Quarterly,2000000,5904280
6339,Quartzy,1200000,4000000
6340,Queralt,150000,500000
6341,Querium Corporation,738000,970223
6342,Questetra,294782,649050
6343,Quick TV,2339898,1660000
6344,Quick2LAUNCH,25000,100000
6345,QuickPay,3500000,5500000
6346,Quill Content,1500000,7576257
6347,Quipper,623227,9438187
6348,Quire,2855250,2500000
6349,Quixey,400000,73800000
6350,Qumulo,2300000,24500000
6351,Qwiki,1500000,9000000
6352,Rachio,700000,2500000
6353,Radario,250000,1200000
6354,Radian Memory Systems,1068000,1780000
6355,Radionomy,775000,4500000
6356,Railpod,100000,2500000
6357,Raise Marketplace,9000000,54300000
6358,Rallyhood,500000,3000000
6359,RallyPoint,550000,5300000
6360,Ranker,1000000,4100000
6361,RapidEngines,250000,1129372
6362,RateElert,250000,75000
6363,Ravel Law,1100000,8100000
6364,Rayneer,120000,2200000
6365,Reachable,1200000,15600000
6366,ReadyForZero,277000,4500000
6367,ReadyPulse,1000000,2000000
6368,Real Food Works,175000,200000
6369,RealDirect,650000,2000000
6370,Realeyes,310000,3210000
6371,Realm,1900000,7100000
6372,RealScout,1100000,6000000
6373,RealSpeaker Inc,275300,154000
6374,RealTravel,1000000,800000
6375,Realty Mogul,1000000,9050000
6376,Realvu Inc,500000,5000000
6377,Reapplix,380000,1309068
6378,RebelMouse,2500000,10250000
6379,Recurly,1600000,18000000
6380,Red Karaoke,734828,3120000
6381,Red Tricycle,2300000,2643000
6382,Reds All natural,1500001,246000
6383,Redbooth,2250000,15999994
6384,RedCritter,750000,500001
6385,Reddit,100000,50000000
6386,Redeemr,90000,50000
6387,Redis Labs,4000000,9000000
6388,ReDoc Software,1100000,2849998
6389,Redux,1650000,6460454
6390,Reduxio,1900000,25000000
6391,Reelio,1300000,749999
6392,Refinery29,500000,29900000
6393,Reflexion Health,4250000,7500000
6394,Regenerative Medical Solutions,850000,595000
6395,REGiMMUNE Corporation,1600000,19400000
6396,Relay Foods,3100000,10249056
6397,RelayRides,50000,51850000
6398,Relevance Media,360000,140000
6399,Remedy Informatics,2000000,6000000
6400,Remedy Partners,250000,35900000
6401,Remedy Pharmaceuticals,792506,5508249
6402,Remind,1000000,58500000
6403,RemitDATA,2500000,3000000
6404,Remitly,2400000,8100000
6405,REMOTV,450000,2250000
6406,Rentify,555026,8010057
6407,RentWiki,1300000,2430000
6408,Reonomy,1150000,3700000
6409,RepairPal,950000,20350000
6410,RescueTime,20000,900000
6411,Respectance,250000,1500000
6412,"Restore Medical Solutions, Inc.",1550000,2550000
6413,Resultly,500000,1100000
6414,Resverlogix,1841995,25000000
6415,Retailigence,1500000,11500000
6416,RetailMeNot,21000000,128500000
6417,Retention Science,21000,7000000
6418,Rethink Books,250000,2000000
6419,RethinkDB,1200000,11000000
6420,retickr,50000,1500000
6421,Retrevo,700000,11200000
6422,REVENUE.com,1200000,559797
6423,Reverb.com,500000,2300000
6424,ReviewPro,270000,3859800
6425,Revolv,2700000,4500000
6426,RF Surgical Systems,120000,29500000
6427,RFMicron,2100000,3575631
6428,Ridemakerz,2700000,20300000
6429,RidePal,500000,3200000
6430,RightScale,4000000,58100000
6431,Rijuven,543879,1375000
6432,Ringadoc,1450000,450000
6433,Risk I/O,1000000,9250000
6434,Risk Ident,300000,2000000
6435,Riskalyze,442000,400005
6436,Riskified,1650000,4000000
6437,RisparmioSuper,550000,2966137
6438,Rival IQ,70000,1860000
6439,Roadtrippers,1470000,2500000
6440,Robinhood,3000000,13000000
6441,Rock Content,500000,650000
6442,Rock My World,25000,225000
6443,Rocketmiles,2000000,6500000
6444,Rockmelt,1675000,38200000
6445,Rolith,700000,5000000
6446,rollApp,350000,1000000
6447,Roomer Travel,2000000,5000000
6448,RoosterBi,250000,100000
6449,Rothman Healthcare,893738,410000
6450,Rounds,500000,3000000
6451,Rouxbe,300000,5535015
6452,Rowl,2962000,8317000
6453,ROXIMITY,518000,1622899
6454,Royalty Exchange,100000,3327090
6455,RoyaltyShare,2500000,9000000
6456,RSI (Reel Solar Inc),4000000,15000000
6457,Ruby Ribbon,3000000,8500000
6458,RuffWire,100000,500000
6459,Rumble,3000000,32500000
6460,Runa,1000000,9200000
6461,Runrun.it,500000,1000000
6462,Runscope,1100000,6000000
6463,RxVantage,750000,2000000
6464,SaferTaxi,40000,6200000
6465,SafeShot Technologies,3000000,6000000
6466,SafetyCulture,3000000,2100000
6467,SafetyWeb,750000,8000000
6468,Sailogy,400000,1150000
6469,Sailthru,1000000,47000000
6470,Salesforce,4000000,17000000
6471,SalesLoft,18000,800000
6472,SalesPortal,435000,4500000
6473,SalesPredict,1000000,4099999
6474,SaveUp,2000000,5000000
6475,Savored,750000,3000000
6476,Saygent,1000000,1000000
6477,Scaled Agile,60000,650198
6478,Scan,1700000,13500000
6479,Scanadu,2000000,10500000
6480,ScanNano,631700,1713480
6481,Scayl,550000,295000
6482,Schoology,300000,24800000
6483,SciAps,1300000,2500000
6484,Science Exchange,1500000,4000000
6485,Scoot Networks,1875000,2254658
6486,Scoutmob,3250000,4505000
6487,ScraperWiki,198810,1000000
6488,Scribd,12000,25710000
6489,Scripped,700000,54274
6490,Scripted,300000,14200000
6491,ScriptRock,25000,8727199
6492,SCVNGR,35000,40750000
6493,Seamless Medical Systems,2000000,1000000
6494,Seamless Receipts,250000,1500000
6495,SeatGeek,20000,40400000
6496,Secret,1425000,33600000
6497,Secret Space,10000,5000
6498,SECU4,39480,881544
6499,Seculert,500000,15350000
6500,Securus Medical Group,250000,7250000
6501,Seelio,900000,800000
6502,SeeMe,2250000,1850000
6503,SeeMore Interactive,1350000,300000
6504,Seen,1250000,2097567
6505,SeeSpace,200000,1000000
6506,Segment,2600000,15000000
6507,Segmint,3295000,14213977
6508,Selligy,28000,2800000
6509,Sellsy,559584,1334032
6510,Semmle,2000000,8000000
6511,SendGrid,12000,47350000
6512,SendHub,2000000,8000000
6513,Sendori,500000,2000000
6514,Senior Wellness Solutions,172442,263333
6515,Senscio Systems,1500000,2100000
6516,Sensegon,1650000,1500000
6517,Sentisis,180000,257320
6518,SEOshop Group B.V.,165000,1450000
6519,Serina Therapeutics,2000000,9500000
6520,Seriously,5000000,5000000
6521,SERPs,25000,50000
6522,Set.fm,500000,749970
6523,Setem Technologies,3109282,1500000
6524,Shadow Health,200000,1215000
6525,Shakr Media,800000,3000000
6526,Sharalike,847875,200000
6527,Share Practice,3350000,25000
6528,Shareable Ink,1500000,23200000
6529,Shareaholic,2100000,5300000
6530,Shareholder InSite,575002,4250000
6531,ShareSquare,150000,266386
6532,Sharethrough,1000000,27000000
6533,Sharp Edge Labs,250000,700000
6534,Shelby.tv,1725000,2200000
6535,Shelfbucks,2225000,2100000
6536,Sherpaa,1800000,3925212
6537,Shibumi,1250000,1048670
6538,SHIFT,6000000,8000000
6539,ShiftPlanning,50000,4200000
6540,Shippable,2050000,8000000
6541,Shippo,2025000,250000
6542,Shoes of Prey,50000,8500000
6543,ShopAdvisor,1950000,6414999
6544,ShopClues.com,250000,14000000
6545,Shopgate,400000,9000000
6546,Shopintoit,160000,25000
6547,ShopSocially,1200000,1100000
6548,Shoptimise,1309106,4503100
6549,Shopventory,1030000,1000000
6550,ShowClix,400000,4681000
6551,ShowNearby,15000,3500000
6552,Shutl,220809,6000000
6553,Shuttlerock,500000,2350000
6554,Shyp,2100000,10000000
6555,SiBEAM,1250000,112500000
6556,Sidecar,100000,8124203
6557,Sidecar.me,600000,4500000
6558,Sideris Pharmaceuticals,599000,32000000
6559,SideTour,1500000,2500000
6560,Sierra Photonics,139787,7202995
6561,Sift,2000000,4126788
6562,Sift Science,1600000,22000000
6563,SightCall,1300000,3300000
6564,Signal Data,167000,4000000
6565,Signal360 (formerly Sonic Notify),300000,4250000
6566,Signix,2170000,1831755
6567,SignNow,500000,2000000
6568,Silent Power,1500000,2000000
6569,Siluria Technologies,3268293,96200582
6570,Silver Peak,3070205,62097132
6571,"Silverback Enterprise Group, Inc.",11500000,19800000
6572,Silvercare Solutions,446995,1331000
6573,Simio,600000,1776769
6574,Simple,190000,15100000
6575,Simple Energy,900000,8016500
6576,Simplee,1800000,16000000
6577,SimpleGeo,1472367,8140000
6578,SimpleReach,1600000,9000000
6579,SimpleRelevance,518000,750000
6580,Simply Measured,250000,28000000
6581,SimplyGiving.com,947368,1600000
6582,SimplyTapp,200000,7420600
6583,SinDelantal,408330,1444800
6584,SinglePlatform,1200000,3250000
6585,Singly,1950000,7000000
6586,Sinopsys Surgical,1309999,8258015
6587,SintecMedia,1589,10000000
6588,SiOnyx,750000,19400000
6589,Sirtris Pharmaceuticals,5000000,77000000
6590,Site9,50000,1600000
6591,SiteWit,825000,1500000
6592,Sitrion,18954,39319457
6593,SkillPages,4000000,18085400
6594,Skillz,1300000,13500000
6595,Skin Analytics,195383,100000
6596,Skinkers,3500000,19914268
6597,Skycatch,3300000,13200000
6598,Skylight Healthcare Systems,950000,5000000
6599,Skyline Medical Inc.,500000,1593502
6600,Skytree,1500000,19000000
6601,Slack,1500000,178450000
6602,SlideShare,300000,2700000
6603,Slime Sandwich,1000000,1750000
6604,Smadex,315218,771960
6605,SmartAsset,1500000,5200000
6606,Smartdate,2800000,5000000
6607,Smarterer,1250000,3350000
6608,SmartFlow Technologies,800000,4373434
6609,SmarTots,750000,1000000
6610,SmartProcure,500000,1300000
6611,SmartThings,3000000,12500000
6612,Smartvue,1750000,4100000
6613,Smarty Ants,26550,475000
6614,SmartyPants Vitamins,4740000,2200000
6615,Smule,1600000,40500000
6616,Snaapiq,180000,33000
6617,Snakk Media,650000,11800000
6618,SNAPCARD,1500000,60000
6619,Snapchat,485000,142500000
6620,Snapguide,2000000,8000000
6621,SNAPP,732800,3065230
6622,Snapsheet,250000,11000000
6623,"Snehta, d/b/a DataClover",4100000,2800000
6624,Snipi,2525000,1549999
6625,Snowball,2300000,45000
6626,SnowGate,790000,270000
6627,SnowShoe Stamp,3047000,1880787
6628,Soapbox Mobile,125000,5000000
6629,Social Studios,700000,3100000
6630,Social Tables,1500000,8000000
6631,SocialBro,640250,1800000
6632,SocialMedia.com,500000,9500000
6633,SocialProof,500000,2300000
6634,"SocialToaster, Inc.",530000,2275000
6635,SocialVest,700000,1150000
6636,Socialware,200000,14466688
6637,Socii,125000,54000
6638,SocMetrics,50000,250000
6639,Socrata,6500000,48000000
6640,Socure,2200000,2500000
6641,Sofie Biosciences,2000000,5000000
6642,Sohalo,2600000,13300000
6643,Soldsie,1000000,4000000
6644,SolFocus,3500000,189700000
6645,Solicore,2000925,29324543
6646,Soligenix,1500000,12788477
6647,SoloStocks,1929900,356000
6648,Sols,1753219,6400000
6649,Solum,2000000,21500000
6650,Soluto,1600000,16400000
6651,Solve Media,1500000,15000000
6652,Songkick,15000,15500000
6653,Sontra,157293,292293
6654,Sookasa,1600000,5000000
6655,Sopogy,1000000,32390435
6656,Sosh,1000000,15254000
6657,Soundflavor,2000000,3800000
6658,Soundtracker,150000,1400000
6659,Space Exploration Technologies,100000000,145460000
6660,Space Pencil,1000000,3190185
6661,SpaceCurve,1100000,15243297
6662,SparkBase,1100000,8435040
6663,Sparkcentral,1125000,4500000
6664,SPARQ,550000,651000
6665,Sparq Systems,2750000,11124027
6666,Sparus Software,1410000,4010000
6667,Spazzles,125000,50000
6668,Speakeasy Inc,725000,2625909
6669,Spectra7 Microsystems,97772,11000000
6670,Spectrum Bridge,2000000,18945205
6671,Speek,1750000,5100000
6672,Spensa Technologies,50000,1300000
6673,"Spikes Security, Inc.",3400000,11000000
6674,Spinal Restoration,2999999,5000000
6675,SpinGo,1000000,5000000
6676,Spinzo,750000,400000
6677,Spire,1500000,25000000
6678,Splice,2750000,4500000
6679,SPO Medical,250000,438250
6680,Spokeable,600000,250000
6681,SpoonRocket,2500000,11000000
6682,Sportlobster,750000,4700000
6683,spotflux,150000,1000000
6684,Spree Commerce,1500000,5000000
6685,Spreecast,4000000,10100000
6686,Spreedly,800924,1249793
6687,Sprig,1200000,10500000
6688,Springpad,1499999,5820978
6689,Sproxil,500000,1800000
6690,Sqrrl,2000000,5200000
6691,SquareTrade,700000,9000000
6692,St. Renatus,65000,11080580
6693,Stabiliz Orthopaedics,300000,120000
6694,Standing Cloud,2000003,8500000
6695,Staq.,1125000,2500000
6696,StartDate Labs,2430000,1299995
6697,StartWire,750000,4750000
6698,State,163510,14000000
6699,StatusNet,1125000,1270000
6700,Stax Networks,500000,250000
6701,StayNTouch,2100000,600000
6702,Stellar Biotechnologies,1613700,3953276
6703,StellaService,1749999,22200000
6704,Step Ahead Innovations,320000,319399
6705,stickK,150000,2075000
6706,Stickybits,300000,1600000
6707,Stiki Digital,100000,225000
6708,Stipple,2000000,12379000
6709,Stitch Labs,1000000,7000000
6710,Storehouse,1500000,7000000
6711,Storenvy,1525000,5000000
6712,Stormpath,1500000,8200000
6713,Stormpulse,2782500,525000
6714,StoryBox,350000,2000000
6715,Strategy Store,170000,100000
6716,Stray Boots,25000,2000000
6717,Streamweaver,1099998,1929996
6718,Stripe,2000000,188000000
6719,StrongLoop,1000000,8000000
6720,Stuffle,1275490,2946480
6721,StumbleUpon,1500000,17000000
6722,StyleFeeder,1000000,2500000
6723,StyleSaint,1500000,4300000
6724,StyleSeat,4700000,10200000
6725,Sudiksha,210000,75000
6726,Summly,300000,1230000
6727,Sunrise,2200000,6000000
6728,Supernova,2200000,18000000
6729,Supersonic,2000000,21200000
6730,SupplyFrame,2000000,13500000
6731,Surgical Care Affiliates,745170,25000000
6732,SurveySnap,100000,50000
6733,Swarm Mobile,1000000,3500000
6734,SwiftKey,1254000,20337233
6735,SwiftStack,1500000,22100000
6736,Swiftype,1700000,7500000
6737,Swoon Editions,1818301,6802219
6738,Swrve,2700000,16250000
6739,Symphony Commerce,2670000,33700000
6740,Synack,1500000,7500000
6741,Synapse Biomedical,270000,2833358
6742,Synapsify,600000,850000
6743,Synercon Technologies,40000,475000
6744,Synthesio,180000,22000000
6745,Szl.it,50000,1582500
6746,T-ZONE,1333,4666
6747,T3D Therapeutics,437000,660997
6748,TabbedOut,500000,13500000
6749,TableSafe,956072,8500000
6750,Tackle Grab,1000000,52500
6751,Tactus Technology,1500000,19500000
6752,tado�,2600000,13594621
6753,Taggify,40000,1000000
6754,TagTagCity,19299,2206519
6755,Take the Interview,1150000,3774999
6756,TakeLessons,1800000,17000000
6757,TalentBin,1200000,2000000
6758,Talk Local,1300000,2600000
6759,Talknote,106651,2000000
6760,Tango Card,1000000,7453850
6761,Tap.Me,15000,4600000
6762,Tapas Media,1400000,2000000
6763,TapCommerce,1200000,10500000
6764,Tapit,500000,2300000
6765,TAPTAP Networks,756580,4500000
6766,TaskEasy,2621250,7000000
6767,TaskRabbit,1850000,35800000
6768,Tastemaker,1620985,1300000
6769,Teabox,1000000,7000000
6770,Teach n Go,38495,20000
6771,Teespring,675000,55000000
6772,Teklatech,1500000,7140000
6773,Telemedicine Solutions LLC,800000,4800000
6774,Tello,1000000,2700000
6775,Telltale Games,1400000,13000000
6776,Tempo AI,2500000,10000000
6777,TempoIQ,868000,3200000
6778,TermSync,2243000,630000
6779,Terrafugia,30000,5529000
6780,Tesora,1000000,5700000
6781,Texas Energy Network,250000,7945725
6782,TEXbase,1000000,509025
6783,Thalmic Labs,1106990,14500000
6784,Thanx,1300000,4700000
6785,The Bouqs Company,1100000,6000000
6786,The Daily Hundred,250000,500000
6787,The Daily Muse,1200000,6116522
6788,The Dodo,2000000,4678569
6789,The Filter,3500000,6200000
6790,The Good Jobs,18000,350000
6791,The Huffington Post,2000000,35000000
6792,The Local,1857559,2075954
6793,The Luxury Closet,800000,495000
6794,The Mobile Majority,680000,8000000
6795,The One-Page Company,1500000,1800000
6796,The Resumator,175000,17100000
6797,The Social Radio,65000,150000
6798,The Society,500000,1000000
6799,The Trade Desk,2500000,20000000
6800,TheBlogTV,102056,13006500
6801,TheFix.com,500000,2400000
6802,TheMobileGamer (TMG),100000,2200000
6803,thephotocloser.com,200000,200000
6804,Thermalin Diabetes,250000,13795991
6805,TheWrap,500000,3000000
6806,Think Big Analytics,3000000,1200010
6807,thinkingphones,2886017,28270000
6808,Threadbox,1500000,500000
6809,Threadflip,1600000,19500000
6810,Threat Stack,1318000,2671497
6811,ThreatMetrix,151387,56200000
6812,ThreatStream,300000,4000000
6813,"Thru, Inc.",1750000,13465000
6814,Ticket Evolution,1700000,3500000
6815,Ticketbis,1938292,12353645
6816,ticketea,280000,5450000
6817,TicketGoose.com,560000,6853693
6818,ticketstreet,190000,3650000
6819,Tictail,1567560,9000000
6820,Tienda Nube / Nuvem Shop,32500,1000000
6821,Tiger Pistol,1000000,3100000
6822,Tiggly,750000,7212500
6823,Tile,3700000,9500000
6824,Tilt,2100000,35000000
6825,Time Solutions,20000,100000
6826,Timehop,1118000,13000000
6827,Tinybop,1000000,5000000
6828,Tizra,500000,350000
6829,Tk20,55860,2701090
6830,Todacell,350000,4000000
6831,TOMI Environmental Solutions,350000,4504170
6832,Tonara,750000,4000000
6833,Topera,2748531,28770000
6834,TourPal,450000,1000000
6835,Tout,2000000,19421000
6836,ToutApp,1270000,3350000
6837,TowerMetriX,836000,900000
6838,TownHog,1877298,2012066
6839,Tracelytics,600000,5200000
6840,TraceWorks,250000,5423200
6841,TradeBlock,2800000,2774999
6842,TradeHero,464859,10000000
6843,Traitify,125000,4000000
6844,TRAKLOK,1149000,1528533
6845,Trampoline Systems,400000,6354000
6846,TRAN.SL,50000,2508445
6847,Transatomic Power Corporation,2000000,763000
6848,Transcriptic,1200000,2800000
6849,Transfluent,288300,2000000
6850,Translimit,100000,2800000
6851,Travador,3500000,7000000
6852,Travelata,500000,12000000
6853,Travelmenu,2000000,4100000
6854,TravelMuse,3000000,2600000
6855,TravelTriangle,200000,1700000
6856,Traxo,1500000,4240000
6857,Treasure Data,2750000,5300000
6858,Treehouse,600000,11750000
6859,Trellie,500000,929137
6860,Tresata,750000,500000
6861,Triangulate,750000,750000
6862,TribeHR,1000000,2500000
6863,Tribogenics,2500000,6200000
6864,Tricycle,25000,1100000
6865,Trigence,1100000,13500000
6866,TriggerMail,1219452,6000000
6867,Triggit,350000,17600000
6868,Trip4real,94759,1354310
6869,TripIt,1000000,12100000
6870,TripleLift,2125000,4000000
6871,Triposo,525000,4200000
6872,trippiece,112946,2031556
6873,Triptrotting,600000,1500000
6874,TroopSwap,3536162,220000
6875,TrueAbility,750000,2000000
6876,Trulioo,2300000,6000000
6877,Trumaker,1900000,6500000
6878,TruMarx Data Partners,500000,7225102
6879,TrustID,3000000,4000000
6880,TruTouch Technologies,5017863,15600000
6881,Tubular Labs,650000,13500000
6882,Tunespeak,50000,500000
6883,TurningArt,750000,2168542
6884,Tute Genomics,1500000,2250000
6885,Tutellus,127619,1015292
6886,Tutorspree,1000000,800000
6887,twago - teamwork across global offices,140960,3000000
6888,TweetDeck,300000,3500000
6889,Twice,600000,22500000
6890,Twilio,1000000,102700000
6891,Tykoon,1350000,480000
6892,Tytanium Ideas,25000,60000
6893,Tyto,1500000,6000000
6894,U4iA Games,1399012,5631916
6895,uBeam,2250000,10000000
6896,Uber,200000,1506000000
6897,uberVU,73105,512640
6898,uBiome,120000,4500000
6899,Ubiquitous Energy,1000000,5800000
6900,Ubix Labs,2050000,2049999
6901,uConnect,18000,20064
6902,Udemy,1000000,47000000
6903,"UICO, LLC",500000,11900000
6904,uKnow Corporation,500000,315830
6905,UltraSoC Technologies,570963,5440764
6906,Unbxd,30000,2000000
6907,Unified,112835,14000000
6908,Uniiverse,750000,500000
6909,Upptalk,1421100,5696550
6910,Upside,100000,1100000
6911,Upstart,1750000,5900000
6912,UpTap,644999,164930
6913,UpTo,875000,2049999
6914,Urban Compass,8000000,65000000
6915,Urban Remedy,1000000,5000000
6916,UrbanBound,1000000,5000000
6917,UrbanSitter,1749996,21000000
6918,Urgent.ly,510000,1200000
6919,URX,3100000,12000000
6920,Ushi,1500000,4494768
6921,UsingMiles,15000,3000000
6922,Ustream,1700000,58610000
6923,uTest,500000,80300000
6924,Vantrix,1457896,23722336
6925,Variable,2333534,1500000
6926,Vaunte,1120000,1100000
6927,Vdopia,500000,7391862
6928,Vectra Networks,500000,42340000
6929,Veenome,600000,1000000
6930,Vela Systems,1350000,22481328
6931,Vengo Labs,1000000,2000000
6932,VentiRx Pharmaceuticals,2300000,102202514
6933,Venvy Interactive Video,50000,420000
6934,VerbalizeIt,948000,1500000
6935,Verdigris Technologies,3400000,7732517
6936,Verient,750000,12629996
6937,Verimatrix,1300000,45499996
6938,Versus,878640,2800000
6939,Verve Mobile,1000000,35396077
6940,VeryLastRoom,524280,2100000
6941,VHX,1250000,3200000
6942,Victor,2385268,16607455
6943,Videdressing,1545000,6000000
6944,Videolicious,1400000,2250000
6945,Videoplaza,659736,16781000
6946,VideoStep,1312660,1446121
6947,View the Space,700000,7000000
6948,VigLink,800000,26537143
6949,Vigoda,1000000,5000000
6950,Viking Cold Solutions,1880000,1383000
6951,Vinomis Laboratories,393363,207250
6952,Viralheat,2500000,4250000
6953,Virtual Incision Corp (VIC),600000,3900000
6954,Viscount Systems,1675000,2397566
6955,Visible Measures,800000,70000000
6956,VisibleGains,1500000,2000000
6957,VisiKard,270500,1983780
6958,Visual Revenue,512000,1700000
6959,Visual.ly,2000000,8100000
6960,Visualead,750000,1600000
6961,VitaPortal,1000000,3350000
6962,Vitrue,2200000,30800000
6963,"Vitrum View, LLC",100000,1000000
6964,VivaReal,535000,73145000
6965,Vivify Health,3380732,18000000
6966,Vivisimo,1660000,4000000
6967,Vizibility,1000000,3463410
6968,Volta Industries,1895000,50000
6969,Vook,2500000,5250000
6970,Voovio aka 3Ditize,700000,1000000
6971,Vostu,1300000,45039665
6972,Voxa,1000000,2500000
6973,Voxy,600000,18200000
6974,Vungle,2000000,23500000
6975,Vurb,2000000,8000000
6976,Vycor Medical,3000000,1276900
6977,Vyome Biosciences,1000000,11300000
6978,W-locate,470000,2000000
6979,W. W. Norton & Company,953183,599183
6980,WAFU,1000000,542000
6981,Wahanda,2958333,34669107
6982,Walkbase,300000,3859800
6983,Walker & Company Brands,2400000,6900000
6984,Wander (f. YongoPal),25000,35000
6985,Wanderfly,400000,1000000
6986,Wanderu,2450000,5600000
6987,"Wantable, Inc.",800000,1500000
6988,Warby Parker,1500000,113500000
6989,Washio,3550000,10500000
6990,Watchup,1000000,2750000
6991,WaterSmart Software,900000,5450000
6992,Wauwaa,971712,660000
6993,Waveseer,250000,675000
6994,Wayin,6448062,27100000
6995,Waynaut,64721,634064
6996,Waypoint Health Innovatoins,50000,470000
6997,Wealth India Financial Services,642000,3770000
6998,WealthForge,500000,2500000
6999,Weaved,2300000,250000
7000,Webvanta,72000,868618
7001,Wedding Spot,225000,3000000
7002,Weebly,20000,35000000
7003,WEEZEVENT,135320,1303900
7004,WeGame,500000,3000000
7005,Well.ca,425000,8650000
7006,Wellframe,1500000,8500000
7007,WellNow Urgent Care Holdings,4115000,59885051
7008,Wesabe,700000,4000000
7009,WeSpire,1750000,3000000
7010,Weston Software,500000,1077460
7011,WeStudy.In,300000,210000
7012,WeSwap.com,775838,7500000
7013,Wetradetogether,50000,800000
7014,WhatsApp,250000,58000000
7015,Wheelz,2000000,13700000
7016,WHILL,1850000,11000000
7017,Whisher,1815600,1343600
7018,White Cheetah,260000,30000
7019,WHOOP,3000000,6000000
7020,Wibbitz,100000,2300000
7021,"Wildfire, a division of Google",100000,14000000
7022,Wildflower Health,100000,1705790
7023,Wireless Environment,400000,205000
7024,wise.io,28000,2586554
7025,WISErg,2000001,5900000
7026,WiserTogether,1703774,17750001
7027,Wishabi,1000000,15000000
7028,WiSpry,1000000,61999998
7029,WiTech SpA,100000,1000000
7030,Wizeline,1700000,6735583
7031,Wizzgo,400000,2100000
7032,Wonder Workshop (Formerly Play-i),1000000,8000000
7033,Wooga,700000,31500000
7034,WorkCast,100000,1280000
7035,Workface,742000,3701678
7036,WorkFusion (previously CrowdComputing Systems),2300000,20000000
7037,Workpop,900000,7000000
7038,WorldRemit,546000,47109000
7039,WOWIO,1000000,6700000
7040,Wurl,5165000,1374907
7041,XAPPmedia,3000000,1950000
7042,Xobni,12000,41660000
7043,YaData,300000,4000000
7044,Yaphie,1588000,100000
7045,Yapta,700000,21720000
7046,Yashi,250000,3000000
7047,Yast,150000,500000
7048,ybuy,750000,1000000
7049,YCharts,1500000,7150000
7050,YeHive,700000,200000
7051,YellowDog Media,750000,5000000
7052,Yerdle,500000,5000000
7053,Yext,250000,115500000
7054,Yieldbot,1200000,27200000
7055,"Yiftee, Inc.",1000000,3000000
7056,Yik Yak,1500000,72000000
7057,Yipit,250000,7300000
7058,yocomobien.es,261745,551901
7059,Yodo1,2000000,16000000
7060,YOGASMOGA,1000000,4000000
7061,Yoono,2200000,3250000
7062,Yotpo,800000,12200000
7063,YouAppi,2000000,3000000
7064,Youbetme,2425000,2700000
7065,youcalc,1640000,2200000
7066,YouLicense,100000,1000000
7067,YouRenew,120000,1450000
7068,YourSports,1500000,1200000
7069,YPlan,1700000,36000000
7070,Yummly,1850000,6000000
7071,Yurbuds,219000,5657467
7072,Zaarly,1000000,14150000
7073,Zagster,2663000,1000000
7074,Zazoo,100000,2000000
7075,Zecter,15000,2500000
7076,ZEEF.com,798887,2103668
7077,Zeenoh,100000,5000
7078,Zelosport,311250,2184100
7079,Zemanta,5250000,2000000
7080,Zendesk,500000,85000000
7081,Zenefits,2100000,81500000
7082,ZeniMax,2123820,19950517
7083,ZenMate,65007,3200000
7084,ZenPayroll,6100000,20000000
7085,Zentrick,388436,3000000
7086,Zerista,2000000,324998
7087,ZeroFOX,2200000,11000000
7088,Zerply,600000,100000
7089,Zerto,200000,60000000
7090,Zerve,482500,20000000
7091,Zevez Corporation,1953038,150000
7092,Zipnosis,1500000,200000
7093,Zivity,1000000,7000000
7094,Zmags,149997,13700000
7095,Zookal,260000,1800000
7096,Zoom,3000000,12500000
7097,ZoomCar India,1000000,8000000
7098,Zoomdata,1100000,21100000
7099,ZoomSafer,1250000,2100000
7100,Zoopla,2941714,10445659
7101,Zooz Mobile Ltd.,1500000,15000000
7102,ZOZI,1300000,20000000
7103,Zuga Medical,100000,250000
7104,Zula,1000000,3000000
7105,Zume Life,700000,1000000
7106,Zumigo,420000,7300000
7107,Zumper,1700000,6500000
7108,Zvents,200000,55000000
7109,Zynstra,225000,12200000
7110,Zyrra,495000,140500
